0,1
Black Dog - 1000ML,Alcohol
100 Pipers - 750ML,Alcohol
Jagermeister Liqueur - 700ML,Alcohol
Cooke Wishky - 750ML,Alcohol
Antiquity Blue - 750ML,Alcohol
Cooke Wishky - 180ML,Alcohol
Black Dog - 750ML,Alcohol
Ballantines - 750ML,Alcohol
Baileys Irish Cream Liqueur - 750ML,Alcohol
Ice Cube -,Alcohol
Morning Fresh -,Alcohol
Ballantines - 200ML,Alcohol
Glasses -,Alcohol
Bottle Opener -,Alcohol
Black Dog Reserve - 750ML,Alcohol
Ginger Ale -,Alcohol
Corkscrew -,Alcohol
Cooke Wishky - 1L,Alcohol
Peroni Nastro Azzurro Birra Superiore - 650ML Bottle,Alcohol
Blenders Pride - 375ML,Alcohol
Lime Cordial -,Alcohol
Peroni Nastro Azzurro Birra Superiore - 500ML Can,Alcohol
Black Dog - 375ML,Alcohol
Peroni Nastro Azzurro Birra Superiore - 330ML Pint,Alcohol
Soda -,Alcohol
Amarula Fruit Cream Liqueur - 700ML,Alcohol
Cooke Wishky - 375ML,Alcohol
Blenders Pride - 750ML,Alcohol
Black And White - 750ML,Alcohol
